﻿<?xml version="1.0" encoding="utf-8"?>
<publishData>
  <publishProfile publishUrl="G:\Cleveland\OvertimeRequests" deleteExistingFiles="True" ftpAnonymousLogin="False" ftpPassiveMode="True" msdeploySite="" msdeploySiteID="" msdeployRemoteSitePhysicalPath="" msdeployAllowUntrustedCertificate="False" msdeploySkipExtraFilesOnServer="True" msdeployMarkAsApp="False" profileName="dev1" publishMethod="FileSystem" replaceMatchingFiles="False" userName="" savePWD="False" userPWD="" SelectedForPublish="False">
    <file relUrl="ResolveRequest.aspx" publishTime="01/31/2012 15:02:03" />
    <file relUrl="Common.css" publishTime="05/27/2011 09:46:13" />
    <file relUrl="Global.asax" publishTime="09/01/2011 15:01:08" />
    <file relUrl="Common.Master" publishTime="01/03/2012 13:10:05" />
    <file relUrl="Images/Template/CbocDdlbCorner.jpg" publishTime="03/25/2009 10:17:52" />
    <file relUrl="UnrecoverableError.aspx" publishTime="09/01/2011 15:01:06" />
    <file relUrl="bin/OvertimeRequests.pdb" publishTime="10/16/2012 15:44:09" />
    <file relUrl="Web.sitemap" publishTime="01/18/2012 11:42:03" />
    <file relUrl="Images/Template/ApplicationError.gif" publishTime="03/06/2009 09:01:59" />
    <file relUrl="Pending.aspx" publishTime="01/31/2012 15:01:17" />
    <file relUrl="bin/OvertimeRequests.dll" publishTime="10/16/2012 15:44:09" />
    <file relUrl="Images/Template/MenuDownArrow.gif" publishTime="12/10/2008 09:45:18" />
    <file relUrl="MyRequests.aspx" publishTime="01/31/2012 15:00:14" />
    <file relUrl="bin/OvertimeRequests.xml" publishTime="10/16/2012 15:44:09" />
    <file relUrl="ApplicationError.aspx" publishTime="09/02/2011 08:53:20" />
    <file relUrl="Images/Template/Banner.jpg" publishTime="12/10/2008 09:45:18" />
    <file relUrl="Completed.aspx" publishTime="01/18/2012 12:02:18" />
    <file relUrl="Default.aspx" publishTime="09/01/2011 15:14:24" />
    <file relUrl="Images/Template/MenuRightArrow.gif" publishTime="12/10/2008 09:45:18" />
    <file relUrl="ViewRequest.aspx" publishTime="02/03/2012 12:20:37" />
    <file relUrl="Images/Template/PopupCalendar.gif" publishTime="01/16/2003 02:08:12" />
    <file relUrl="SecurityAccessError.aspx" publishTime="09/01/2011 15:01:07" />
    <file relUrl="Web.config" publishTime="10/16/2012 11:48:56" />
    <file relUrl="Application.css" publishTime="01/31/2012 14:58:39" />
    <file relUrl="NewRequest.aspx" publishTime="10/16/2012 10:34:54" />
    <file relUrl="favicon.ico" publishTime="10/20/2011 14:51:19" />
    <file relUrl="bin/AjaxControlToolkit.dll" publishTime="08/16/2010 14:56:30" />
    <file relUrl="Images/Template/MenuHorizontalSeparator.gif" publishTime="12/10/2008 09:45:18" />
    <file relUrl="Resolved.aspx" publishTime="01/31/2012 15:01:43" />
  </publishProfile>
  <publishProfile publishUrl="F:\cleveland\OvertimeRequests" deleteExistingFiles="False" ftpAnonymousLogin="False" ftpPassiveMode="True" msdeploySite="" msdeploySiteID="" msdeployRemoteSitePhysicalPath="" msdeployAllowUntrustedCertificate="False" msdeploySkipExtraFilesOnServer="True" msdeployMarkAsApp="False" profileName="web2" publishMethod="FileSystem" replaceMatchingFiles="True" userName="" savePWD="False" userPWD="" SelectedForPublish="False">
    <file relUrl="ResolveRequest.aspx" publishTime="01/31/2012 15:02:03" />
    <file relUrl="Common.css" publishTime="05/27/2011 09:46:13" />
    <file relUrl="Global.asax" publishTime="09/01/2011 15:01:08" />
    <file relUrl="ApplicationError.aspx" publishTime="09/02/2011 08:53:20" />
    <file relUrl="Common.Master" publishTime="01/03/2012 13:10:05" />
    <file relUrl="Images/Template/CbocDdlbCorner.jpg" publishTime="03/25/2009 10:17:52" />
    <file relUrl="UnrecoverableError.aspx" publishTime="09/01/2011 15:01:06" />
    <file relUrl="bin/OvertimeRequests.pdb" publishTime="03/30/2012 10:12:15" />
    <file relUrl="Web.sitemap" publishTime="01/18/2012 11:42:03" />
    <file relUrl="Images/Template/ApplicationError.gif" publishTime="03/06/2009 09:01:59" />
    <file relUrl="Pending.aspx" publishTime="01/31/2012 15:01:17" />
    <file relUrl="bin/OvertimeRequests.dll" publishTime="03/30/2012 10:12:15" />
    <file relUrl="Images/Template/MenuDownArrow.gif" publishTime="12/10/2008 09:45:18" />
    <file relUrl="MyRequests.aspx" publishTime="01/31/2012 15:00:14" />
    <file relUrl="bin/OvertimeRequests.xml" publishTime="03/30/2012 10:12:15" />
    <file relUrl="bin/AjaxControlToolkit.dll" publishTime="08/16/2010 14:56:30" />
    <file relUrl="Images/Template/Banner.jpg" publishTime="12/10/2008 09:45:18" />
    <file relUrl="Completed.aspx" publishTime="01/18/2012 12:02:18" />
    <file relUrl="Default.aspx" publishTime="09/01/2011 15:14:24" />
    <file relUrl="Images/Template/MenuRightArrow.gif" publishTime="12/10/2008 09:45:18" />
    <file relUrl="ViewRequest.aspx" publishTime="02/03/2012 12:20:37" />
    <file relUrl="Images/Template/PopupCalendar.gif" publishTime="01/16/2003 02:08:12" />
    <file relUrl="SecurityAccessError.aspx" publishTime="09/01/2011 15:01:07" />
    <file relUrl="Web.config" publishTime="03/26/2012 12:02:20" />
    <file relUrl="Application.css" publishTime="01/31/2012 14:58:39" />
    <file relUrl="NewRequest.aspx" publishTime="02/14/2012 16:36:06" />
    <file relUrl="favicon.ico" publishTime="10/20/2011 14:51:19" />
    <file relUrl="Images/Template/MenuHorizontalSeparator.gif" publishTime="12/10/2008 09:45:18" />
    <file relUrl="Resolved.aspx" publishTime="01/31/2012 15:01:43" />
  </publishProfile>
  <publishProfile publishUrl="W:\OvertimeRequests" deleteExistingFiles="False" ftpAnonymousLogin="False" ftpPassiveMode="True" msdeploySite="" msdeploySiteID="" msdeployRemoteSitePhysicalPath="" msdeployAllowUntrustedCertificate="False" msdeploySkipExtraFilesOnServer="True" msdeployMarkAsApp="False" profileName="app3" publishMethod="FileSystem" replaceMatchingFiles="True" userName="" savePWD="False" userPWD="" SelectedForPublish="True">
    <file relUrl="ResolveRequest.aspx" publishTime="01/31/2012 15:02:03" />
    <file relUrl="Common.css" publishTime="05/27/2011 09:46:13" />
    <file relUrl="Global.asax" publishTime="09/01/2011 15:01:08" />
    <file relUrl="Default.aspx" publishTime="09/01/2011 15:14:24" />
    <file relUrl="ApplicationError.aspx" publishTime="09/02/2011 08:53:20" />
    <file relUrl="Common.Master" publishTime="01/03/2012 13:10:05" />
    <file relUrl="Images/Template/CbocDdlbCorner.jpg" publishTime="03/25/2009 10:17:52" />
    <file relUrl="UnrecoverableError.aspx" publishTime="09/01/2011 15:01:06" />
    <file relUrl="bin/OvertimeRequests.pdb" publishTime="10/03/2013 10:19:12" />
    <file relUrl="Web.sitemap" publishTime="01/18/2012 11:42:03" />
    <file relUrl="Resolved.aspx" publishTime="01/31/2012 15:01:43" />
    <file relUrl="Images/Template/ApplicationError.gif" publishTime="03/06/2009 09:01:59" />
    <file relUrl="Pending.aspx" publishTime="01/31/2012 15:01:17" />
    <file relUrl="bin/OvertimeRequests.dll" publishTime="10/03/2013 10:19:12" />
    <file relUrl="Images/Template/MenuDownArrow.gif" publishTime="12/10/2008 09:45:18" />
    <file relUrl="bin/OvertimeRequests.xml" publishTime="10/03/2013 10:19:12" />
    <file relUrl="bin/AjaxControlToolkit.dll" publishTime="08/16/2010 14:56:30" />
    <file relUrl="Images/Template/Banner.jpg" publishTime="12/10/2008 09:45:18" />
    <file relUrl="Completed.aspx" publishTime="01/18/2012 12:02:18" />
    <file relUrl="MyRequests.aspx" publishTime="01/31/2012 15:00:14" />
    <file relUrl="Images/Template/MenuRightArrow.gif" publishTime="12/10/2008 09:45:18" />
    <file relUrl="ViewRequest.aspx" publishTime="02/03/2012 12:20:37" />
    <file relUrl="Images/Template/PopupCalendar.gif" publishTime="01/16/2003 02:08:12" />
    <file relUrl="SecurityAccessError.aspx" publishTime="09/01/2011 15:01:07" />
    <file relUrl="Web.config" publishTime="10/03/2013 10:14:02" />
    <file relUrl="Application.css" publishTime="01/31/2012 14:58:39" />
    <file relUrl="NewRequest.aspx" publishTime="11/13/2012 10:35:33" />
    <file relUrl="favicon.ico" publishTime="10/20/2011 14:51:19" />
    <file relUrl="Images/Template/MenuHorizontalSeparator.gif" publishTime="12/10/2008 09:45:18" />
  </publishProfile>
</publishData>